Nodes,Links,Basal,Intermediate,Top,Generality,Generality_sd,Vulnerability,Vulnerabilty_sd,Web,Parasites
285,3849,0.19298245614035087,0.6631578947368422,0.14385964912280702,13.505263157894737,1.6119659340146333,13.505263157894737,0.8237740686915738,BSQ,Yes
263,3759,0.1596958174904943,0.7870722433460076,0.05323193916349809,14.29277566539924,1.3704126587891303,14.29277566539924,0.7136731162965471,CSM,Yes
350,5795,0.1657142857142857,0.7914285714285715,0.04285714285714286,16.557142857142857,1.6057762093206174,16.557142857142857,0.6790653279088417,EPB,Yes
285,3863.159574468085,0.1137364688316536,0.8592011944755505,0.02706233669279582,13.554945875326617,1.210939209137935,13.554945875326617,0.6030614937881278,BSQ,No
263,3778.12101910828,0.10934586229444672,0.870722433460076,0.01993170424547722,14.36547916010753,1.2038303736505052,14.36547916010753,0.5751606558087669,CSM,No
350,5795.428571428572,0.10043731778425656,0.8780466472303207,0.02151603498542274,16.558367346938777,1.210178661167997,16.558367346938777,0.578923603306683,EPB,No
