Nodes,Links,Basal,Intermediate,Top,Generality,Generality_sd,Vulnerability,Vulnerabilty_sd,Web,Parasites
285,2824,0.19298245614035087,0.5894736842105264,0.2175438596491228,9.908771929824562,1.5049671724003184,9.908771929824562,0.9596555123705336,BSQ,Yes
263,2681,0.1596958174904943,0.6045627376425855,0.23574144486692017,10.193916349809886,1.2232467167842953,10.193916349809886,0.8709656369603295,CSM,Yes
350,3884,0.1657142857142857,0.5828571428571429,0.25142857142857145,11.097142857142858,1.4885696218909037,11.097142857142858,0.9019935160302924,EPB,Yes
285,2815.0384615384614,0.14520917678812414,0.8224291497975709,0.03236167341430499,9.877327935222672,1.2466852454873618,9.877327935222672,0.6167186593999754,BSQ,No
263,2671.373015873016,0.14174059991550486,0.821896312390609,0.03636308769388617,10.157311847425916,1.2491746015887224,10.157311847425916,0.6222470495797899,CSM,No
350,3854.0864197530864,0.13407407407407407,0.8318518518518518,0.03407407407407407,11.01167548500882,1.2539774912039632,11.01167548500882,0.6187060104949772,EPB,No
