Nodes,Links,Basal,Intermediate,Top,Generality,Generality_sd,Vulnerability,Vulnerabilty_sd
263,3778.12101910828,0.10934586229444673,0.870722433460076,0.019931704245477223,14.36547916010753,1.2038303736505052,14.36547916010753,0.5751606558087669
