Nodes,Links,Basal,Intermediate,Top,Generality,Generality_sd,Vulnerability,Vulnerabilty_sd
263,3751.688888888889,0.10999155048584706,0.8638149556400507,0.02619349387410224,14.26497676383608,1.1947246672231462,14.26497676383608,0.5879079877059282
