Nodes,Links,Basal,Intermediate,Top,Generality,Generality_sd,Vulnerability,Vulnerabilty_sd
350,5795.428571428572,0.10043731778425656,0.8780466472303207,0.02151603498542274,16.558367346938777,1.210178661167997,16.558367346938777,0.578923603306683
