Nodes,Links,Basal,Intermediate,Top,Generality,Generality_sd,Vulnerability,Vulnerabilty_sd
285,3849,0.19298245614035087,0.6631578947368422,0.14385964912280702,13.505263157894737,1.6119659340146333,13.505263157894737,0.8237740686915738
