Nodes,Links,Basal,Intermediate,Top,Generality,Generality_sd,Vulnerability,Vulnerabilty_sd
350,5765.861386138614,0.10045261669024046,0.8763507779349363,0.023196605374823195,16.473889674681754,1.215899534557881,16.473889674681754,0.5843037745938653
