Nodes,Links,Basal,Intermediate,Top,Generality,Generality_sd,Vulnerability,Vulnerabilty_sd
285,3842.292817679558,0.11437433362411553,0.8637200736648251,0.021905592711059418,13.481729184840555,1.212772244833144,13.481729184840555,0.5927469987693317
