Nodes,Links,Basal,Intermediate,Top,Generality,Generality_sd,Vulnerability,Vulnerabilty_sd
263,3759,0.1596958174904943,0.7870722433460076,0.053231939163498096,14.29277566539924,1.3704126587891303,14.29277566539924,0.7136731162965471
