Nodes,Links,Basal,Intermediate,Top,Generality,Generality_sd,Vulnerability,Vulnerabilty_sd
350,3884,0.1657142857142857,0.5828571428571429,0.25142857142857145,11.097142857142858,1.4885696218909035,11.097142857142858,0.9019935160302923
