Nodes,Links,Basal,Intermediate,Top,Generality,Generality_sd,Vulnerability,Vulnerabilty_sd
285,2815.0384615384614,0.14520917678812414,0.8224291497975709,0.032361673414304994,9.877327935222672,1.2466852454873618,9.877327935222672,0.6167186593999754
